Deadline,Scholarship Name,Award amount,Classification,Link,Open date,Eligibility,,,
January 1,JMJ Phillip Group College Scholarship,"$1,000",High school & Undergraduate,https://jmjphillip.com/jmj-phillip-stem-scholarship/,,"High school students who have been accepted to college and students who are currently enrolled in a college or university are eligible to apply for the JMJ Phillip Group college scholarship program. 
Students must be currently enrolled in a U.S.-based high school or college. Students graduating from high school must plan to attend college during the fall semester in the same year as the application.
Eligible colleges include two-year and four-year universities in the United States.
Students who apply must have a minimum GPA of 3.6. Current (unofficial) transcripts must be sent with the application.
",,,
January 21,Vincent Chin Memorial Scholarship,"$1,500",Undergraduate,https://aaja.org/news-and-resources/scholarships-internships/vincent-chin-scholarship/,,"Must be an active AAJA member
Must be a current college student enrolled in an accredited U.S. college or university
Preference for juniors or seniors, given the independent nature of the project
Preference for those with experience and interest in social media storytelling",,,
January 29,Waddler White Coat Scholarship,"$250, $750, $1,000",Graduate ,https://www.blackgirlwhitecoat.org/scholarship,January 16,"Students enrolled in medical school in the United States or its territories (including American Samoa, the Commonwealth of the Northern Mariana Islands, Guam, Puerto Rico, and the U.S. Virgin Islands) 
International medical students (US citizens and non-US citizens with academic visas) who attend the following programs St. George's University (SGU), Ross University School of Medicine (RUSM), American University of the Caribbean (AUC), Saba University School of Medicine, and American University of Antigua (AUA)",,,
January 31,Greene & Phillips Scholarship Program,"$2,000",High school,https://www.greenephillips.com/scholarship/,,"All current high school seniors in the United States can apply. 
4 scholarships will be awarded to students in Alabama, and the remaining winner can be anywhere within the United States. 
Scholarships can only be used at accredited colleges, universities, community colleges, and trade schools.",,,
January 31,J&Y “Books for Good” Scholarship,$300,"High school, undergraduate, graduate",https://jnylaw.com/scholarship/,,"Students at accredited colleges, trade schools, universities, and graduate schools in the United States ",,,
February 13,WhataBurger: The Feeding Student Success Scholarship,"$5,000","High school, undergraduate, graduate",https://apply.mykaleidoscope.com/program/FeedingStudentSuccessScholarship2627,January 1,"Will have graduated high school by the end of the 2025-2026 school year
Have a minimum cumulative GPA of 2.5 on a 4.0 scale for high school graduates or college students
Are pursuing their first associates, undergraduate degree, graduate, or technical school certificate at a 2-year, 4-year, or not-for-profit vocational school.
US Citizen or Legal Resident
Must either live in or be planning to attend school in one of the brand's 17-state footprint. These states include: Alabama, Arizona, Arkansas, Colorado, Florida, Georgia, Kansas, Louisiana, Mississippi, Missouri, Nevada, New Mexico, North Carolina, Oklahoma, South Carolina, Tennessee, Texas",,,
February 13,Jeannette Rankin Foundation Scholarship,Varies,Undergraduate,https://rankinfoundation.org/national-scholar-grant/,November 3,Provides unrestricted non-tuition funding and support to women and nonbinary students across the country who are age 35 and older and demonstrate financial need,,,
Feburary 13,BSP Law Charitable Foundation Joel Stern Scholarship ,"$5,000",Graduate ,https://bushseyferth.com/49qFovb,,Current law student enrolled and in good standing at a law school,,,
February 13,POET Never Satisfied Scholarship Program ,"$2,500-$5,000","High school, undergraduate, graduate",https://poet.com/neversatisfied#scholarships,January 1,"Students in the U.S. enrolled in any accredited two- or four-year post-secondary or technical school, including graduate students, regardless of GPA, are eligible to apply. 
Majors applicable for these scholarships are Agriculture, Finance, Accounting, Communications, Engineering, Computer Science, Human Resources, or related degrees or minors.",,,
February 13,Jeannette Rankin Foundation: National Scholar Grant,"$2,500",Undergraduate,https://rankinfoundation.org/national-scholar-grant/,November 3,"Unrestricted non-tuition funding and support to women and nonbinary students across the country, age 35 or older, demonstrate financial need, and are pursuing a technical or vocational education, an associate’s degree, or a first bachelor’s degree.",,,
February 14,AMS Freshman Undergraduate Scholarships,"$5,000",Undergraduate,https://www.ametsoc.org/index.cfm/ams/information-for/students/ams-scholarships-and-fellowships/ams-freshman-undergraduate-scholarship/,,"Applicants must be U.S. citizens or hold permanent resident status.
Applicants must be entering their freshman year of college in the fall of 2026 as a full-time student and plan to pursue a degree in the atmospheric or related oceanic or hydrologic sciences. Marine biology does not meet this requirement.
Applicants must have a GPA of 3.0 on a 4.0 scale",,,
February 14,ACB Scholarships,"$2,000 to $7,500",Undergraduate & Graduate,https://www.acb.org/scholarships,November 1,"Open to freshman, undergraduate and graduate students, and those attending technical college who are need to be legally blind, maintain a 3.0 GPA to be eligible for most scholarships, be a full-time student or a part-time student who works at least 32 hours per week, and be involved in their school and local community.",,,
February 15,Dell Scholars Scholarship,"$20,000",High school,https://www.dellscholars.org/scholarship/,December 15,"Be a high school senior participating in an approved college readiness program
Plan to enroll full-time at an accredited four-year college or university right after high school
Be Pell Grant eligible
Have at least a 2.4 GPA",,,
Feburary 15,Ashby Thelen Lowry Legal Scholarship,"$1,000",Undergraduate & Graduate,https://www.atllaw.com/scholarship/,,"Hold a minimum 3.0 GPA
The recipient is a U.S. citizen or otherwise authorized to work in the United States
The recipient is accepted and will either be attending school as a pre-law undergraduate or entering law school in the fall of 2026",,,
Feburary 15,HSF Scholar Program Application,"$500-$5,000","High school, undergraduate, graduate",https://www.hsf.net/scholarship,January 5,"US Citizen, Permanent Legal Resident, or DACA 
Minimum of 3.0 GPA on a 4.0 scale (or equivalent) for high school students; minimum of 2.5 GPA on a 4.0 scale (or equivalent) for college and graduate students
Plan to enroll full-time in an accredited, public or not-for-profit, four-year university, or graduate school in the US for the 2026-2027 academic year
Complete and submit the 2026-2027 Free Application for Federal Student Aid (FAFSA)
The HSF Scholar Program is open to students of all races who identify as being of Hispanic heritage",,,
February 17,McDonald’s HACER® National Scholarship,"$5,000, $10,000, $20,000",High school,https://www.mcdonalds.com/us/en-us/community/hacer.html,,"You’re a high school senior
You’re a legal U.S. resident or a DREAMer/DACA recipient
You’re younger than 21 years old
You carry a minimum 2.8 GPA
You have at least one parent of Hispanic heritage",,,
February 18,Law Office of Philip R. Nathe Scholarship,"$1,000",Undergraduate & Graduate,https://www.napervilledui.com/scholarship,,"Achieved a 3.5-grade point average or higher in their most recently completed semester
Are pursuing an undergraduate degree at an accredited college or university within the United States
Are at least 17 years of age
Are citizens or permanent residents of the United States",,,
February 18,Lounge Lizard Web Design Scholarship,"$1,000","High school, undergraduate, graduate",https://www.loungelizard.com/scholarship/,,"Open to students attending school in the United States to submit a web design, past or present, that showcases your creativity and understanding of today’s web design trends and possibilities
Applicant must be a student at an accredited school or be accepted to begin school at an accredited school within 6 months of application.",,,
February 19,Gordon A. Rich Memorial Scholarship,"Up to $60,000",High school,http://www.gordonrich.org/html/apply.html,September 19,"Applicant must be a dependent child of a full-time employee in the financial services industry. Scholarship is open to high school seniors who are enrolling as a full-time first-year student in pursuit of a four-year bachelor’s degree at an accredited college or university in the United States. Applicant must have at least a 3.5 GPA, demonstrate financial need, and be a U.S. citizen or legal resident.",,,
February 20,Vegetarian Resource Group,"Up to $20,000",High school,https://www.vrg.org/student/scholar.htm?kclt=573ee4a92e434d6686e14b326590acd4,Fall,Graduating U.S. high school students who have promoted veganism in their schools and/or communities.,,,
February 28,"BMW/SAE Engineering Scholarship
","$1,500",High school,https://www.sae.org/participate/scholarships/bmw-sae-engineering-scholarship,February 1,"U.S. resident
Must be an Incoming Freshman
Minimum unweighted 3.75 grade point average
Pursue an engineering or related science degree through an ABET accredited program with an interest in mobility and advanced or emerging technologies such as (but not limited to) Automated and Unmanned, Connectivity, Cybersecurity, Shared or Micro Mobility and/or Electrification, Quantum Computing or Blockchain.
Participation in a STEM-related extra-curricular activity /club or employment/shadowing that relates to your intended engineering major",,,
February 28,Discover the Difference National Academic Scholarship,"$5,000","High school, undergraduate, graduate",https://www.trialpro.com/scholarships/,,"To be eligible, an individual must be a high school senior currently enrolled in a public school located in one of the following Florida counties: Orange, Seminole, Brevard, Osceola, Hillsborough, Pinellas, Lake, Polk, Lee, Charlotte, or Collier.
Applicant must have a minimum unweighted 3.0 GPA.
Student must be a US citizen or permanent resident. ",,,
February 28,DEWALT Trades Scholarship,"$5,000",High school & Undergraduate,https://webportalapp.com/sp/login/dewalt-trades-us,November 4,"Currently enrolled in or accepted to a post-secondary school or training program and pursuing a high-demand skilled trade. 
Eligible Locations: United States and Canada",,,
February 28,Price Benowitz Social Justice Scholarship,"$2,000","High school, undergraduate, graduate",https://pricebenowitz.com/social-justice-scholarship-2026/,,"This scholarship is offered to any student currently enrolled in an accredited community college, undergraduate, or graduate program in the United States. This includes incoming first-year college students who are high school graduates or possess a GED.
Candidates for this scholarship should have a minimum GPA of 3.0 or higher and be in good overall academic standing.",,,
February 28,NY Grace LeGendre Endowment Fund Fellowship,"$6,500",Graduate ,https://www.gracelegendre.org/Fellowships,Fall,"Be a woman who is a United States citizen, a DACA recipient or a holder of a permanent Green Card and a resident of New York State.
Have a Bachelor's degree
Be currently enrolled in graduate studies in an advanced graduate degree program at an accredited New York State college or university and have already completed at least one semester in that program.
Show evidence of scholastic ability and a need for financial assistance.
Anticipated graduation year must be no later than 2027.",,,
February 28,Action For Nature's International Youth Eco-Hero award,"Up to $1,000",K-8,https://actionfornature.org/eco-hero-awards/application-form,,"Ages 8 to 16, who have completed an environmental project to apply",,,
February 28,Delete Cyberbullying Social Media Scholarship,"$1,000","High school, undergraduate, graduate",http://www.endcyberbullying.net/scholarship/,,"You must be a high school student (9th-12th grader), college student or graduate student attending or planning to enter an accredited U.S. college or university.",,,
February 28,Act of Kindness Scholarship,"$1,000","High school, undergraduate, graduate",https://www.parent-volunteer.org/act-of-kindness-scholarship,,"Be currently enrolled or plan to be enrolled part-time or full-time in an accredited U.S. college or university. Vocational/technical, two-year, four-year, or graduate institutions are eligible.
Be a high school junior or senior, undergraduate student, or graduate student
Have a grade point average of 2.5 or above on a 4.0 system",,,
February 28,Virginia Mae Scholarship,"$1,000",High school,https://bellajcustomdesigns.com/,,"Must be a U.S. Citizen 
Currently enrolled, graduating high school senior who will be attending a two- or four-year college/university starting in the Fall semester of the upcoming school year",,,
February 28,J&Y “Books for Good” Scholarship,$300,"High school, undergraduate, graduate",https://jnylaw.com/scholarship/,,"Students at accredited colleges, trade schools, universities, and graduate schools in the United States ",,,
March 1,Engebretson Foundation Scholarship ,"$10,000",High school,https://www.engebretsonfoundation.org/application.html,,"Be a graduating senior from a United States high school. 
Plan to attend a four year college. Be in need of financial assistance in order to attend a four year college. 
Have achieved a score of 28 composite or higher on the ACT exam (or at least 1240 on the SAT). 
Have achieved at least a 3.75 GPA or above and/or top 5% of graduating class.",,,
March 1,"Horatio Alger: National Scholarship
","105 scholarships at $25,000 each",High school,https://horatioalger.org/scholarships-and-services/undergraduate-scholarships/,,"Be enrolled full time as a high school junior in the United States
Exhibit a strong commitment to pursue and complete a bachelor’s degree at an accredited non-profit public or private institution in the United States immediately after high school graduation (students may start their studies at a two-year institution and then transfer to a four-year institution)
Demonstrate financial need ($100,000 or lower adjusted gross family income is required)
Be involved in co-curricular and community service activities
Display integrity and perseverance in overcoming adversity
Maintain a minimum grade point average (GPA) of 2.0
Be a United States citizen",,,
March 1,Netfloor USA Access Flooring College Scholarship,"$1,000","High school, undergraduate, graduate",https://www.netfloorusa.com/scholarship/netfloor-usa-access-flooring-college-scholarship,,"Any legal U.S. resident at least seventeen (17) years old who meets one of the following criteria:
Currently attending attending high school and will be attending an accredited university or college in the next academic year
Currently attending an accredited university or college (undergraduate and graduate students are both eligible)
Must have a cumulative GPA of at least 3.0 (or equivalent)",,,
March 1,ACS Scholars Program,"$10,000",High school & Undergraduate,https://www.acs.org/education/acs-scholars/apply.html,December 1,"Academic Status: Graduating high school seniors and undergraduates (freshman through senior) who are U.S. citizens or permanent resident. Must be a full-time student at a U.S. high school, college, university, or community college.
Must intend to major or already be majoring in the chemical sciences of the following fields: Chemistry, Biochemistry, Chemical Engineering, Chemical Technology, Other chemistry-based sciences.
Scholarship is NOT intended for Pre-Med programs. Those pursuing degrees in Pharmacy or Nursing are also NOT eligible for this scholarship.
Academic Achievement: Demonstrate high academic achievement in chemistry or science, with a minimum Grade Point Average (GPA) of 3.0 or higher.",,,
March 1,Project Yellow Light Scholarship - Billboard,"$2,000",High school & Undergraduate,https://projectyellowlight.com/,Late October,"Competition is open to high school juniors and seniors and current undergraduate students.
Applicant must design a billboard advertisement to warn their peers of the dangers of texting and driving.",,,
March 1,Alvaro L. Martins Scholarship,"$10,000",Undergraduate & Graduate,https://elcscholarships.elcinfo.com/,January 22,"Awarded to high-potential female students pursuing degrees in business, marketing, management, or related disciplines who aspire to lead and influence at the highest levels.
Rising Sophomore, Junior, Senior college student or Graduate Student
Minimum of 3.0 GPA",,,
March 1,Ann Fudge Scholarship,"$10,000",Undergraduate & Graduate,https://elcscholarships.elcinfo.com/,January 22,"Supports high-achieving male students pursuing degrees in business, management, or related fields
Rising Sophomore, Junior, Senior college student or Graduate Student
Minimum of 3.0 GPA",,,
March 1,Ronald C. Parker Legacy Scholarship,"$10,000",Undergraduate & Graduate,https://elcscholarships.elcinfo.com/,January 22,"Pursue excellence in management or business-related fields
Rising Sophomore, Junior, Senior college student or Graduate Student
Minimum of 3.0 GPA
Open to all majors. Business, Engineering and Technology preferred.",,,
March 1,Life Lessons Scholarship Program,Varies,High school & Undergraduate,https://lifehappens.org/life-lessons-scholarship-program/,February 1,"Open only to legal residents of the fifty (50) United States, the District of Columbia and Puerto Rico, who are between 17 and 24 years of age, have experienced the death of a parent or legal guardian, and are currently enrolled in, or have been accepted to, a college, university or trade school within the fifty (50) United States, the District of Columbia or Puerto Rico.",,,
March 1,The Elrod Pope Law Firm’s Focus Forward Scholarship,"$5,000",High school & Undergraduate,https://elrodpope.com/personal-injury-resources/scholarship/,,"Open to students who reside in South Carolina and North Carolina who are: High school seniors planning to enroll in an accredited two- or four-year college or university in the fall, or students currently enrolled in an accredited two- or four-year college or university for the fall semester.",,,
March 2,Science without Borders® Challenge,$200-$500,High school,https://www.livingoceansfoundation.org/education/science-without-borders-challenge/,,Open to primary and secondary school students 11-19 years old,,,
March 2,The Devadoss Law Firm Civil Rights Scholarship,"$1,000",Graduate ,https://www.fedemploymentlaw.com/the-devadoss-law-firm-civil-rights-scholarship/,,"Must be a current or aspiring law student
Must be a citizen or permanent resident of the United States
Must be enrolled at an accredited college or university within the United States as an undergraduate or graduate student
Must be at least 17 years of age",,,
March 2,USPAACC – Denny’s Hungry for Education Scholarship,"$3,000","High school, undergraduate, graduate",https://www.dennys.com/USPAACCK-12,December 1,"All applicants must be enrolled in an accredited educational institution (high school) in the United States or Puerto Rico. 
Applicants must be U.S. citizens or legal permanent residents.",,,
March 4,DNA Day Essay Contest,"1,000",High school,https://www.ashg.org/dna-day/,January 9,"This contest is open to students in grades 9-12 worldwide and asks students to examine, question, and reflect on important concepts in genetics.",,,
March 4,Students Rising Above Scholars Program,Varies,High school,https://studentsrisingabove.org/programs/,,"Must be a current high school junior
Will be a senior in the 2026-2027 school year
Low-income or living on government assistance
Committed to earning a 4-year college education
G.P.A. of 2.0 or higher
Must live within the nine-county Bay Area",,,
March 4,World of 8 Billion Student Video Contest,"$300-$1,200",High school,https://www.worldof8billion.org/video-contest/,,"Students must currently be in grades 6 to 12 (in the U.S.), or the international equivalent, to enter the contest.",,,
March 5,Patient Advocate Foundation Undergraduate Scholarship,"$3,000 annually",Undergraduate,https://www.patientadvocate.org/connect-with-services/apply-for-a-scholarship/,,"Must be a Citizen of the United States.
Applicant must be under the age of 25.
Must have been diagnosed with and/or been actively treated for a cancer or chronic disease within the past five years",,,
March 5,Patient Advocate Foundation Graduate Scholarship,"$3,000 annually",Graduate ,https://www.patientadvocate.org/connect-with-services/apply-for-a-scholarship/,,"Must be a Citizen of the United States.
Must have been diagnosed with and/or been actively treated for a cancer or chronic disease within the past ten years.
Must be pursuing a Master’s degree or higher.",,,
March 5,AFA Leader and Academic Scholarships,"$1,600 and $3,250",High school & Undergraduate,https://www.agfuture.org/scholarships,,Graduating high school seniors and current undergrads enrolled in an agriculture or food-related degree program in the U.S.,,,
March 6,AAHD Frederick J. Krause Scholarship on Health and Disability,"$1,000",Undergraduate & Graduate,https://aahd.us/initiatives/scholarship-program/,October 1,"Scholarship is open to college sophomores, juniors, and seniors who are enrolled full-time and have a disability as defined by the Americans with Disabilities Act. Preference will be given to students majoring in public health, disability studies, health promotion or a field related to disability and health.",,,
March 6,DCU Memorial Scholarship Program,"$1,500-$2,500",High school,https://www.dcuforkids.org/scholarships/,December 12,Scholarship is open to graduating high school seniors who will be attending college in the Fall.,,,
March 6,George E. Allen Academic Scholarship,"$2,000",High school,https://www.allenandallen.com/about/community-involvement/gea-scholarship/#,December 5,"The applicant must be a senior in a Virginia high school whose plans include advanced education through college, nursing, business, trade, technical training, or similar programs. 
Future plans are not required to be in Virginia.",,,
March 7,Women’s Western Golf Foundation Scholarship,"$20,000",High school,https://www.wwga.org/scholarships,November 1,"Woman high school senior and meet the following requirements:
Active participant in the sport of golf (golf ability is not a criterion for selection)
Have a 3.5 GPA or above on a 4.0 scale
Demonstrate outstanding character, integrity and leadership
Require financial assistance to attend a four year college in the U.S.A.",,,
March 8,USDA 1890 National Scholars Program,Full tuition,High school & Undergraduate,https://www.usda.gov/partnerships/1890NationalScholars,December 15,"Open to high school seniors entering their freshman year of college, and rising college sophomores and juniors",,,
March 9,Create-a-Greeting-Card Scholarship,"$10,000","High school, undergraduate, graduate",https://www.gallerycollection.com/greetingcardscontests.htm?location=static-lower,July 9,"Must be 14 years or older at time of entry and be enrolled in High School, College, University or Homeschool.",,,
March 9,Rising Stars Scholarship,"$1,000",Undergraduate,https://www.knoxvillecriminaldefenselaw.com/scholarship,,"Have been attending an undergraduate program for at least one year
Have improved their GPA by at least one point at any time while attending college
Are a citizen or lawful permanent resident of the United States
Are at least 17 years old",,,
March 9,NCAA Postgraduate Scholarship program,"$10,000",Undergraduate,https://www.ncaa.org/sports/2013/11/21/ncaa-postgraduate-scholarship-program.aspx,January 12,"Must be in final season of NCAA athletics eligibility or must have completed athletic eligibility,
Must be in final year of undergraduate academic work or received an undergraduate degree.
Have an overall undergraduate minimum cumulative grade-point average of 3.200 (based on a 4.000 scale)
Must enroll in a graduate degree granting program on a part- or full-time basis at an academically accredited graduate or degree-granting professional school.
The scholarship cannot be used to fund any undergraduate work.",,,
March 12,Educational Equity Scholarship Program,"$5,000-$10,000",Undergraduate,https://www.dominionenergy.com/about/our-company/charitable-foundation/educational-equity-scholarships,,"Be a high school senior or graduate or current college undergraduate residing in one of the following states:
CT, VA, MD, NC, SC, and WV         
Plan to enroll in full-time undergraduate study at an accredited two- or four-year college, university or vocational-technical school for the entire upcoming academic year.
Have a minimum grade point average of 3.0 on a 4.0 scale (or its equivalent).",,,
March 13,The Quell Foundation Survivor Scholarship,"Up to $2,000","High school, undergraduate, graduate",https://thequellfoundation.org/scholarships/,March 6,"Open to high school seniors or current undergraduate/graduate students who have experienced the devastating loss of a parent, caregiver, or sibling to suicide",,,
March 13,The Quell Foundation First Responder Legacy Scholarship,Varies,"High school, undergraduate, graduate",https://thequellfoundation.org/scholarships/,March 6,"High school seniors or current undergraduate/graduate students who have experienced the devastating loss of a parent (who served as a first responder- ie law enforcement, fire, EMS, dispatch, corrections) to a line of duty death or suicide",,,
March 13,The Quell Foundation Fighter Scholarship,"Up to $1,500","High school, undergraduate, graduate",https://thequellfoundation.org/scholarships/,March 6,High school seniors or current undergraduate/graduate students that are being treated for a diagnosed mental health condition,,,
March 13,Stossel in the Classroom Video Contest,"$200, $1,000, $2,500",High school & Undergraduate,https://stosselintheclassroom.org/video-contest/,September 10,"Open to students in grades 5-12 and undergraduate college students residing in the U.S., Canada, or at a U.S. military address",,,
March 14,The Quell Foundation Bridge the Gap Clinical Licensure Grant,Varies,Graduate ,https://thequellfoundation.org/scholarships/,March 1,The Quell Foundation Bridge the Gap Clinical Licensure Grant is awarded to an individual who has earned a Master’s degree in a mental health–related field that is eligible for clinical licensure in the state in which the recipient plans to practice.,,,
March 14,Undergraduate Nursing Scholarships,"$10,000",Undergraduate,https://www.marchofdimes.org/our-work/health-professionals/awards-and-scholarships/nursing-scholarships,,Must be enrolled in an accredited undergraduate nursing program and have a commitment to working in maternal or infant health after graduation,,,
March 14,Graduate Nursing Scholarships,"$10,000",Graduate ,https://www.marchofdimes.org/our-work/health-professionals/awards-and-scholarships/nursing-scholarships,,Available to registered nurses enrolled in an accredited master's or doctoral nursing program,,,
March 15,The Barron Prize,"$10,000",High school,https://barronprize.org/apply/,January,"Applicant must be between the ages of 8 and 18 (not yet age 19)
Applicant must be a permanent, legal resident of the U.S. or Canada with a social security number or valid tax i.d. number.
Applicant must be currently residing in the 50 U.S. states, District of Columbia, or Canada.",,,
March 15,"Morris J. & Betty Kaplun Essay Contest
","$500-$1,800",High school,https://www.kaplunfoundation.org/essay-contest,,"Open to students in grades 7, 8,9, 10, 11, and 12 attending any school, including home school, anywhere in the world.",,,
March 15,Shell Technical Scholarship,"$2,500",High school,https://www.shell.us/about-us/careers/shell-graduate-program/scholarships.html#tab-high-school-senior-students,,"Plan to enroll full-time in one of the following majors (geology, geophysics, physics, chemical, civil, electrical, geological, geophysical, mechanical or petroleum engineering) at a specified institution",,,
March 15,Shell Technical Scholarship for Undergraduate Students,"$5,000",Undergraduate,https://www.shell.us/about-us/careers/shell-graduate-program/scholarships.html#tab-shell-technical-scholarship,August,"Candidates must be enrolled as a freshman, sophomore, or junior for the current academic year.
Candidates must be enrolled full-time students in the year of the scholarship award.
Candidates must have a minimum 3.20 cumulative GPA (will not be rounded) on a 4.0 scale.
Candidates must major in one of the following disciplines: geology, geophysics or physics; chemical, civil, electrical, environmental, mechanical, petroleum, geological, or geophysical engineering.",,,
March 15,National Restaurant Association Educational Foundation (NRAEF) Scholarship,"$2,500-$10,000",Undergraduate,https://chooserestaurants.org/programs/scholarships-grants/scholarships/,January 15,"Anyone enrolled as a full-time or part-time student at an accredited post-secondary institution pursuing a restaurant, food service, or hospitality-related degree.
Graduate student pursuing a degree in supply chain and viticulture only.",,,
March 15,Go Skills Scholarship,"$2,000",High school & Undergraduate,https://www.goskills.com/scholarship,,Young women with a business idea or a newly launched business,,,
March 15,Navy League Foundation Scholarships,"$1,000-$10,000",High school,https://www.navyleague.org/programs/navy-league-foundation-scholarships/,,"The Navy League Foundation offers scholarships to high school seniors who will attend an accredited institution of higher education in the fall of the current award cycle. 
Eligible applicants must be a dependent, child, stepchild, grandchild, step-grandchild, or great-grandchild (direct descendant) of a current or former member of the U.S. Navy, Marine Corps, Coast Guard, or U.S.-flag Merchant Marine.",,,
March 15,ISC2 Academic Scholarships,"$3,000-$5,000",High school & Undergraduate,https://www.iamcybersafe.org/s/academic-scholarships,January 15,"Must be pursuing, or plan to pursue, a degree with a focus on cybersecurity, information assurance or similar field. 
Must be pursuing one of the following degree types: two (2) year associate's degree, four (4) year bachelor's degree, Master’s degree, and Doctoral program (PhD) 
GPA must be at least 2.5 on a 4.0 scale 
You may be a citizen of any country (US citizenship not required) 
May be attending in the US or internationally ",,,
March 15,Pediatric Dentist of Tomorrow Scholarships,$500,"High school, undergraduate, graduate",https://smilereef.com/pediatric-dentist-of-tomorrow-scholarship/,March 15 (a year prior),"Any student currently attending a college, university, dentist school, or specialization school, or will be attending within 1 year, and hopes to enter the dental field in the future.",,,
March 15,Scholarship for Minority Accounting Students,"$3,000-$10,000",Undergraduate & Graduate,https://www.thiswaytocpa.com/education/scholarship-search/scholarship-minority-accounting-students/,December 1,"Scholarship is open to full-time minority students pursuing an undergraduate or graduate degree in accounting or an accounting-related major. 
Applicant must have at least a 3.0 GPA and be a U.S. citizen or permanent resident.",,,
March 15,UCT Heaston Scholarship Program,"$3,000-$6,000",High school,https://www.uct.org/the-uct-heaston-scholarship/,,"Scholarships are open to high school seniors who demonstrate evidence of hard work to overcome obstacles, academic success, extracurricular success in high school, and commitment to community service.",,,
March 15,The Jack & Betty Heaston Memorial Scholarship,"$6,000",High school,https://uctna.clubexpress.com/content.aspx?page_id=22&club_id=417467&module_id=667261,,Open to students with the equivalent of high school senior status. Students must be enrolled and entering a college program in the coming academic year.,,,
March 15,The Betty Y. Heaston Memorial Scholarship,"$3,000",High school,https://uctna.clubexpress.com/content.aspx?page_id=22&club_id=417467&module_id=667261,,Open to students with the equivalent of high school senior status. Students must be enrolled and entering a college program in the coming academic year.,,,
March 15,The Jack Heaston Memorial Scholarship,"$3,000",High school,https://uctna.clubexpress.com/content.aspx?page_id=22&club_id=417467&module_id=667261,,Open to students with the equivalent of high school senior status. Students must be enrolled and entering a college program in the coming academic year.,,,
March 15,Kailee Mills Foundation Scholarship Program,"$5,000-$20,000",High school & Undergraduate,https://www.kaileemillsfoundation.org/scholarships/,,"Be a high school senior or current post-secondary undergraduate with a current GPA of 3.2 or higher on a 4.0 scale
Receive or have received a high school diploma at/by the end of the graduating school year. (If you are a current college student, you must have taken classes consecutively).
Be enrolled or plan to enroll in an accredited 2-year or 4-year college or university in a full-time (at least 12 hours) degree-seeking program for the first time
Be a US citizen or legal resident. ",,,
March 15,Becca's Closet Spirit of Community Scholarship,Varies,High school,https://www.beccascloset.org/scholarships/,,"Graduating high school senior in the United States
Minimum 2.0 unweighted GPA (4.0 scale)
Demonstrated financial need (must submit full 2026–2027 FAFSA Submission Summary showing SAI)
Will attend a regionally accredited 2- or 4-year college, university, or technical/vocational school in Summer/Fall 2026
U.S. citizen or legal resident",,,
March 15,Becca's Closet Involvement Scholarship,Varies,High school,https://www.beccascloset.org/scholarships/,,"Minimum 2.0 unweighted GPA (4.0 scale)
Outstanding, documented contribution to the local community through the creation of or involvement in a Becca’s Closet chapter (or a supporting organization program), with plans in place for the chapter to continue after graduation
Will attend a regionally accredited 2- or 4-year college, university, or technical school in Summer/Fall 2026
U.S. citizen or legal resident",,,
March 15,Becca's Closet South Florida Involvement Scholarship,Varies,High school,https://www.beccascloset.org/scholarships/,,"Graduating high school senior in Broward, Miami-Dade, or Palm Beach County, Florida
Minimum 2.0 unweighted GPA (4.0 scale)
Outstanding, documented contribution to the local community through the creation of or involvement in a Becca’s Closet chapter (or a supporting organization)
Will attend a regionally accredited 2- or 4-year college, university, or technical/vocational school in Summer/Fall 2026
U.S. citizen or legal resident",,,
March 15,Jewish Vocational Service Scholarship Program,"Up to $10,000",Undergraduate & Graduate,https://www.jvs-socal.org/scholarship-application/,,"Must identify as Jewish
Must be at least 16
Must be a permanent and legal resident of Los Angeles County for a minimum of three years
Must be a U.S. citizen or documented legal permanent U.S. resident with a Green Card
Must be planning to attend or are currently attending an accredited public or private college, university, or vocational school in the U.S.
Must be enrolled as a full-time student
Must maintain a minimum 2.7 GPA (per term) for Undergraduate Students or a minimum 3.0 GPA (per term) for Graduate Students
Must have a demonstrated and verifiable financial need",,,
March 16,Microsoft Disability Scholarship Program,"$5,000 per year (Total: $20,000)",High school & Undergraduate,https://www.microsoft.com/en-us/diversity/programs/microsoftdisabilityscholarship.aspx%C2%A0,January 22,"Be a current high school senior.
Plan to enroll in an undergraduate program at an accredited two- or four-year college, university, or vocational/technical school in the United States beginning in the fall of the upcoming academic year.
Pursue a degree in one of the following eligible fields: Engineering​, Computer Science​, Computer Information Systems​, Law, Business (including related fields such as paralegal studies, pre-law, finance, business administration, or marketing)
Have a cumulative high school GPA of 2.5 or higher on a 4.0 scale (or equivalent).
Plan to enroll as a full-time or half-time student.",,,
March 17,Voyager Scholarship,"Up to $50,000 in financial aid",High school,https://www.obama.org/programs/voyager-scholarship/,January 28,"Current college Sophomores who plan to enroll full-time in their junior year of study at an accredited four-year college or university in the United States in Fall 2026. 
Demonstrate financial need—this is calculated using a similar formula to the FAFSA.
Have a minimum grade point average of 3.0 on a 4.0 scale or equivalent. Students are required to upload unofficial transcripts as part of the application process. 
Have demonstrated a commitment to public service.
Plan to pursue a future career in public service upon graduation.
Be a United States (U.S.) citizen, U.S. national, U.S. permanent resident (holders of a Permanent Resident Card), or individuals granted deferred action status under the Deferred Action for Childhood Arrivals Program (DACA).",,,
March 18,Gordon Hay Scholarship,"$10,000",High school & Undergraduate,https://www.blumenthalarts.org/education/student-programs/scholarships/gordon-hay-scholarship,,"Plans to pursue a non-performing career in theater (costume, lighting, sound and set design, stage management, production management, direction, choreography and other technical non-performing roles)
Is a current high school senior, college freshman, or college sophomore",,,
March 20,Allwork Scholarship ,"Up to $10,000",Undergraduate,https://www.aiany.org/architecture/competitions-grants/eleanor-allwork-scholarship/,,Students seeking their first degree in architecture from an NAAB-accredited school in the State of New York are eligible.,,,
March 23,Drive2Life PSA Contest,"$2,000",High school,https://nrsf.org/contests/drive2life,,Students ages 13-19 in grades 6-12,,,
March 30,.05 BAC PSA 2026 Contest,"$75, $150, $250",High school,https://courageouspersuaders.com/wp-content/uploads/2026/02/05-PSA-Contest-Final-12.04.2025-2.pdf,,Grades 6-12,,,
March 30,Courageous Persuaders- Distracted Driving Awareness Scholarship,"$2,000",High school,https://courageouspersuaders.com/distracted-driving/#1489503962481-b1168d80-ea38d3eb-d2400966-852616708926653901670893489034,,Open to all students attending a high school in the continental United States only,,,
March 30,Courageous Persuaders- Impaired Driving Scholarships,"$2,000",High school,https://courageouspersuaders.com/impaired-driving/#1489503964921-3acbdde1-0dcfd3eb-d2400966-8526167089266539016708934890341673293869892,,Open to all students attending a high school in the continental United States only,,,
March 30,Courageous Persuaders- Passenger Empowerment,"$2,000",High school,https://courageouspersuaders.com/passenger-empowerment/,,Open to all students attending a high school in the continental United States only,,,
March 30,Courageous Persuaders - Other Scholarships,"$1,000-$2,500",High school,https://courageouspersuaders.com/other-scholarships/,,Open to all students attending a high school in the continental United States only,,,
March 30,The Bank Family Education Fund Scholarship,"$2,000","High school, undergraduate, graduate",https://fishndans.com/banks-family-fund/,,"For students interested in outdoors, wildlife, and conservation
The scholarship is open to legal residents of the United States who are at least 18 years of age.
The applicant must be enrolled in an accredited college, undergraduate or graduate degree program in the United States. The scholarship is offered to both part-time and full-time students.
Candidates must be in good academic standing with a minimum cumulative GPA of 3.0 or above.",,,
March 30,First Generation College Student Scholarship,"$2,500",Undergraduate & Graduate,https://www.kadzailawgroup.com/scholarship,,"You must be a first-generation college student at least 17 years of age, enrolled in an undergraduate or graduate program at an accredited college or university within the United State, and a permanent resident or citizen of the United States",,,
March 30,The Educational Foundation for Women in Accounting,"$3,000",Graduate ,"https://www.efwa.org/scholarships_postgraduate.php#:~:text=The%20Laurels%20Fund%20was%20established,D.",,"Applicant must be a woman
Applicant must be pursuing a PhD in business with a concentration in accounting
Applicant must be attending an AACSB accredited college or university
Applicant must be a U.S. Citizen",,,
March 31,Shell Associate Scholarship Program,"$2,200",High school,https://www.shell.us/careers/about-careers-at-shell/shell-graduate-program/scholarships.html#vanity-aHR0cHM6Ly93d3cuc2hlbGwudXMvY2FyZWVycy9zdHVkZW50cy1hbmQtZ3JhZHVhdGVzL3NjaG9sYXJzaGlwcy9iYWNoZWxvcnMtZGVncmVlLXN0dWRlbnRzLmh0bWw,January 27,"Candidates must be enrolled full or part-time in an associate or technical degree program and majoring in one of the following disciplines during the year of the scholarship award: Compressor/Compression Technology, Electrical/Electronic Technology, Industrial Maintenance Technology, Integrated Production Technology, Instrumentation/Analyzer Technology, Machine Tool Technology, Machinist/Mechanical Technology, Pipefitting, Pipeline Integrity, Process Technology, Welding.
Candidates must maintain a minimum 3.25 cumulative GPA (will not be rounded) on a 4.0 scale throughout any participation in the scholarship program",,,
March 31,Brower Youth Awards for Environmental Leadership,"$3,000",High school & Undergraduate,https://www.broweryouthawards.org/programs/brower-youth-awards/apply/#application,,"Youth environmental change leaders ages 13 to 22 (as of the application deadline) living in North America (including Mexico, Canada, and U.S. territories) are encouraged to apply. ",,,
March 31,College JumpStart Show Grit Scholarship,"$1,000",High school & Undergraduate,https://www.jumpstart-scholarship.net/application-show-grit-scholarship,,"Current student (high school 10th-12th or college) or planning to enter college within the next 12 months
U.S. citizen or legal resident",,,
March 31,National Federation of the Blind Scholarships,"$10,000",High school & Undergraduate,https://www.nfb.org/programs-services/scholarships-and-awards/scholarship-program,,"Must be legally blind (PDF) in both eyes.
Must be residing in the United States, the District of Columbia, or Puerto Rico.
Must be 18 years of age by July 3, 2026.
Must be pursuing or planning to pursue a full-time, post-secondary course of study in a degree program at a United States institution in the fall of the year of application",,,
March 31,The Albert W. Dent and Foster G. McGaw Graduate Student Scholarship,"$5,000",Graduate ,https://www.ache.org/membership/student-resources/albert-w-dent-graduate-student-scholarship,January 2,"Student enrolled full-time in a healthcare management graduate program - MHA, MPH, MBA in Healthcare Administration or similar.
You are entering your final year (fall/spring) of full-time study.
You expect to graduate between Sept. 1, 2026 and Aug. 31, 2027.
If you currently hold a paid healthcare management position, you are not eligible to apply.  
Doctoral students are also not eligible to apply.
You are a U.S. citizen or lawful permanent resident; or a Canadian citizen.",,,
March 31,"National High School Poetry Contest
",$100-$500,High school,https://www.highschoolpoetrycontest.com/to-enter.html,,All U.S. high school students are eligible to enter this contest,,,
March 31,"$1,000 Dreams Scholarship","$1,000","High school, undergraduate, graduate",https://1000dreamsfund.org/programs/1000-dreams-scholarship-fund/,,"All women enrolled in a U.S. based institution – high school, college, university, graduate school, etc. – are able to apply regardless of citizenship. 
You must show proof of current enrollment in a United States based school.",,,
March 31,Dr. Arthur A. Kezian DDS Science Scholarship,"$1,200","High school, undergraduate, graduate",https://www.drkezian.com/science-scholarship/,,"Applicants are required to be high school seniors to graduate students in university, majoring in a science field and pursuing advanced education
Must be at least 18 years of age
Must be attending a College or University in the Fall of 2025
Must be a resident of the United States or Canada",,,
March 31,American Galvanizers Associations (AGA) Galvanize the Future: A Richard L. Brooks Memorial Scholarship Essay Contest,"$2,500",Undergraduate & Graduate,https://galvanizeit.org/education-and-resources/education/university-program/scholarship,,"Any full- or part-time, undergraduate or graduate student of any age enrolled at an accredited college or university only in North America, during the 2024-2025 school year majoring in architecture, civil engineering, structural engineering, construction management, material science, or other related field",,,
March 31,George M. Burditt/Betsy B. Woodward/Denise C. Rooney Scholarship,"$2,500",Undergraduate & Graduate,https://www.afdo.org/grants/afdo-scholarship/,,"Any full- or part-time, undergraduate or graduate student of any age enrolled at an accredited college or university only in North America, during the 2024-2025 school year. High school students are not eligible to enter this contest. 
Qualifying majors include architecture, civil engineering, structural engineering, construction management, material science, or other related field.",,,
March 31,Hard of Hearing or Deaf Scholarship,"$1,000",High school & Undergraduate,https://www.sertoma.org/What-we-do/Scholarships,November 1,"Must have a minimum 40dB bilateral hearing loss, as evidenced on audiogram by SRT or PTA scores.
Must be a citizen of the United States of America.
Must be pursuing a bachelor’s degree on a full-time basis at a college or university in the United States
Must have a minimum cumulative 3.2 GPA on a 4.0 un-weighted scale",,,
March 31,"Communicative Disorders Scholarship
","$1,000",High school & Undergraduate,https://www.sertoma.org/What-we-do/Scholarships,November 1,"Must be a citizen of the United States of America
Must be pursuing a graduate level degree in speech language pathology and/or audiology at a college or university in the United States, accredited by ASHA’s Council on Academic Accreditation
Must have a minimum cumulative 3.5 GPA on a 4.0 scale for all undergraduate, graduate and doctoral level course work. This must include the most recent Fall semester.",,,
March 31,Houzz Scholarship Program,"$2,500",Undergraduate & Graduate,https://www.houzz.com/scholarships,,"All students 17 years of age or older at interior design, architecture, landscape architecture, architectural engineering schools, or skilled trade schools in the U.S. and Canada to apply for one of our five scholarships. 
The Women in Architecture, Residential Design, Sustainable Design and Construction Management scholarships are open to students currently enrolled in an undergraduate or graduate program.",,,
March 31,Residential Construction Management Scholarship,"$2,500",Undergraduate,https://www.surveygizmo.com/s3/4479814/Houzz-Scholarship-Q1-Construction-Management-2018,,Open to students pursuing trade certification or A.S. degrees through vocational or community college programs who plan to focus on residential construction and remodeling work professionally.,,,
March 31,Mae & Mary Legacy Foundation Scholarship,Varies,High school,https://www.maeandmarylegacyfoundation.org/apply,January 1,"Applicants must be African American students
Applicants must be graduating a high school senior
Students from anywhere in the United States can apply 
Applicants must attend a two/four-year university or technical school
Scholarship awards must be used for tuition, books, fees or other need while attending the institution",,,
March 31,NetJets Scholarship,"$25,000",High school & Undergraduate,https://columbusfoundation.org/students/scholarships/scholarship-detail/NetJetsScholarship/474,,"Candidates must be accepted or currently majoring in Aviation or Hospitality.
Candidates must have a minimum 3.5 grade point average (GPA).
Candidates must be enrolled, or enrolling, full-time status at an eligible educational institution in the U.S.
Candidates must have the ability to work and reside in the United States.",,,
March 31,Robert Redick Memorial Scholarship,"$5,000","High school, undergraduate, graduate",https://www.knrlegal.com/scholarship/,,"Be a resident of Ohio.
Be accepted to or currently enrolled in an accredited college, university, or graduate program within the United States.
Have a cumulative GPA of 3.0 or higher.
Demonstrate good character and high initiative",,,
March 31,Young American Creative Patriotic Art Contest,"Up to $5,500",High school,https://vfwauxiliary.org/scholarships/young-american-creative-patriotic-art-contest/,,"Students in grades 9-12 who are enrolled in a public, private or parochial high school or home study program in the United States, its territories and possessions; or dependents of U.S. military or civilian personnel in overseas schools.
Although U.S. citizenship is not required, students must be permanent residents or have applied for permanent residence status (the application for which has not been denied) to become a U.S. citizen.",,,
March 31,USMA/Blake Family Foundation Metric Awards,"$1,000-$2,000",High school,https://usma.org/metric-awards,October 1,Open to US high school senior students,,,
March 31,Gold Award Girl Scouts,"$5,000",High school,https://www.girlscouts.org/en/members/for-girl-scouts/badges-journeys-awards/highest-awards/gold-award/gold-award-scholarship.html,,"Current high school seniors who earned or will earn anytime before April 1, 2026
Recent high school graduates who earned in their senior year after March 31, 2025",,,
March 31,Ron Hubbard Writers of The Future Contest,"$500, $750, $1,000","High school, undergraduate, graduate",https://www.writersofthefuture.com/enter-writer-contest/,April 1,New writers of science fiction and fantasy,,,
March 31,Ron Hubbard Illustrators of The Future Contest,$500,"High school, undergraduate, graduate",https://writersofthefuture.com/enter-the-illustrator-contest/,April 1,New science fiction and fantasy artists,,,
March 31,Regions Riding Forward Scholarship Contest,"$8,000",High school & Undergraduate,https://www.regions.com/about-regions/inclusion-belonging-impact/supporting-communities/essay-contest-scholarship,January 1,"Be a legal U.S. resident of one of the Eligible States: Alabama, Arkansas, Florida, Georgia, Iowa, Illinois, Indiana, Kentucky, Louisiana, Mississippi, Missouri, North Carolina, South Carolina, Tennessee and Texas
Be age 16 or older.
Have at least one (1) year (or at least 18 semester hours) remaining before your undergraduate college graduation.
If you are not yet in college, begin your freshman year of college no later than the start of the 2027 – 2028 college academic school year.
As of your most recent school enrollment period, have a cumulative grade point average of at least 2.0 in school (and if no GPA is provided at school, be in “good standing” or the equivalent thereof in school).",,,
March 31,J&Y “Books for Good” Scholarship,$300,"High school, undergraduate, graduate",https://jnylaw.com/scholarship/,,"Students at accredited colleges, trade schools, universities, and graduate schools in the United States ",,,
March 31,Driver Education Initiative Award – Annual Scholarship Opportunity,$500,"High school, undergraduate, graduate",https://www.dmvedu.org/scholarship/,January 3,"Applicants must be currently enrolled in either High School, University or College.",,,
March 31,"Young American Creative Patriotic Art Contest
","Up to $37,000",High school,https://vfwauxiliary.org/scholarships/young-american-creative-patriotic-art-contest/,,"Students in grades 9-12 by the March 31 deadline who are enrolled in a public, private or parochial high school or home study program in the United States, its territories and possessions; or dependents of U.S. military or civilian personnel in overseas schools.
Although U.S. citizenship is not required, students must be permanent residents or have applied for permanent residence status (the application for which has not been denied) to become a U.S. citizen.
Foreign exchange students, students age 20 or older, GED and adult education students, or national winners of previous Young American Creative Patriotic Art Contests are ineligible.",,,
March 31,3-Dimensional Patriotic Art Contest:,"$5,500",High school,https://vfwauxiliary.org/scholarships/young-american-creative-patriotic-art-contest/,,"Students in grades 9-12 by the March 31 deadline who are enrolled in a public, private or parochial high school or home study program in the United States, its territories and possessions; or dependents of U.S. military or civilian personnel in overseas schools.
Although U.S. citizenship is not required, students must be permanent residents or have applied for permanent residence status (the application for which has not been denied) to become a U.S. citizen.
Foreign exchange students, students age 20 or older, GED and adult education students, or national winners of previous Young American Creative Patriotic Art Contests are ineligible.",,,
March 31,Self Help Community Scholarship,"$1,000","High school, undergraduate, graduate",https://www.self-help.org/updates/self-help-community-scholarships,,"Open to students planning to attend or currently attending any post-secondary educational institution including universities, colleges, technical schools, trade, and vocational institutions.",,,
March 31,J&Y “Books for Good” Scholarship,$300,"High school, undergraduate, graduate",https://jnylaw.com/scholarship/,,"Students at accredited colleges, trade schools, universities, and graduate schools in the United States ",,,
March 31,SuperCollege Scholarship,"$1,000","High school, undergraduate, graduate",https://www.supercollege.com/scholarship/,,"Open to all students -- high school, college, grad or adult -- who are currently in college or plan to start",,,
April 1,Annual Scholarship Sponsored by Double A Solutions,"$1,000","High school, undergraduate, graduate",https://www.doubleasolutions.net/scholarship/,January 1,"You must presently be a senior in high school, be transitioning from high school to college or university, and be already enrolled in a college or university at any level in the United States or Canada.",,,
April 1,AMS Senior Named Scholarships,"$2,000-$10,000",Undergraduate,https://www.ametsoc.org/ams/information-for/students/ams-scholarships-and-fellowships/ams-senior-named-scholarships/,,"Applicants must be entering their final year of undergraduate study in the fall of 2026 and provide evidence of acceptance as a full-time student at an accredited U.S. institution at the time of the award. 
Applicants must be pursuing a degree in the atmospheric or related sciences. 
Applicants must have a minimum grade point average of 3.0 on a 4.0-point scale.
Applicants must be U.S. citizens or hold permanent resident status.  No age restriction exists.",,,
April 1,Debt.com Scholarship For Aggressive Scholarship Applicants,"$1,000","High school, undergraduate, graduate",https://www.debt.com/our-story/scholarships/,,College freshmen to senior citizens and everyone in between can apply,,,
April 1,Teens for Alzheimer’s Awareness College Scholarship Essay Contest,"Up to $5,000",High school,https://alzfdn.org/scholarship/,November 1,"Currently be a high school senior
Currently reside in the US as a citizen
Must attend an accredited college/university in the US immediately following high school graduation in 2026 (no gap year/semester)",,,
April 1,JMJ Phillip Group College Scholarship,"$1,000",High school & Undergraduate,https://jmjphillip.com/jmj-phillip-stem-scholarship/,,"High school students who have been accepted to college and students who are currently enrolled in a college or university are eligible to apply for the JMJ Phillip Group college scholarship program. 
Students must be currently enrolled in a U.S.-based high school or college. Students graduating from high school must plan to attend college during the fall semester in the same year as the application.
Eligible colleges include two-year and four-year universities in the United States.
Students who apply must have a minimum GPA of 3.6. Current (unofficial) transcripts must be sent with the application.
",,,
April 1,Davis-Putter Scholarship Fund,"Up to $15,000",Undergraduate & Graduate,https://www.davisputter.org/apply,January 1,"Need-based scholarships are awarded to students who are enrolled at a college or university or in a trade,community college, college, or university who are actively working toward liberation, justice and social change in their communities. Davis-Putter scholars are both undergraduate and graduate students.",,,
April 1,Project Yellow Light Scholarship - Video,"$8,000",High school & Undergraduate,https://projectyellowlight.com/,,High school junior or senior between the ages of 14 and 20; or a full-time undergraduate college student between the ages of 15 and 25,,,
April 1,Project Yellow Light Scholarship - Radio,"$2,000",High school & Undergraduate,https://projectyellowlight.com/,,High school junior or senior between the ages of 14 and 20; or a full-time undergraduate college student between the ages of 15 and 25,,,
April 1,Wergle Flomp Humor Poetry Contest,"$100-$2,000","High school, undergraduate, graduate",https://winningwriters.com/our-contests/wergle-flomp-humor-poetry-contest-free,August 15,"Poets of all ages may enter. Authors from all countries except Syria, Iran, North Korea, Crimea, Russia, and Belarus are eligible",,,
April 1,Women in International Trade (WIIT) Young Leadership Scholarship Award,"$1,500",Undergraduate & Graduate,https://www.wiit.org/content.asp?contentid=162,,"Applicants must identify as female and be currently enrolled at an accredited U.S. university or college, either full-time or part-time. 
Applicants must be undergraduate Juniors or Seniors, or enrolled in graduate studies.
Women studying all aspects of International Trade, including trade policy and negotiations, global business and supply chains, economic development, and more.",,,
April 1,HBCU Bound Scholarship,"$1,000",High school,https://thehbcualum.com/blogs/news/2026-scholarship-application,,Graduating Seniors planning to enroll in an Historically Black College or University (HBCU) in the Fall of 2026 with a cumulative GPA of 3.0 or higher,,,
April 5,ICC Scholarship Essay Contest,$250,High school,https://internationalcollegecounselors.com/international-college-counselors-scholarship-essay-contest/,,"All high school freshmen, sophomores, or juniors can participate. Students from public and private schools, homeschool, and international students are eligible.",,,
April 7,BMO Capital Markets Equity Through Education Scholarship,"$10,000",Undergraduate & Graduate,https://limeconnect.com/awards/bmo_capital/,,"A current undergraduate or graduate student at a four-year university in the United States or Canada
Pursuing a degree in business/commerce, computer science, engineering, math, physics, statistics, or a related discipline
Interested in a career in Financial Services with a focus on Capital Markets preferred
A person with a (visible or non-visible) disability (defined as someone who has, or considers themselves to have, a long-term or recurring, issue that impacts one or more major activities that others may consider to be a daily function); this definition also includes the perception among others that a disability exists. We know that 90% of disabilities on campus are invisible, and candidates with all disabilities are encouraged to apply",,,
April 10,Foundation of Flexographic Technical Association (FFTA) Scholarship,"$3,000",High school & Undergraduate,https://www.flexography.org/honors-awards/scholarships/ffta-scholarship/,,"College juniors, College sophomores (at a two- or four-year college), College freshman (at a two- or four-year college), High school seniors (enrolled in a Flexo in Education Program) pursuing careers in flexography and graphic communications ",,,
April 13,Meg Graham Scholarship,"$10,000",High school,https://washington.jl.org/home/community/students/,,"High school senior who:
Is a Washington, DC, resident
Attends a public, charter, private, or parochial high school in Washington, DC
Is matriculating to an accredited, four-year, post-secondary college or university in Fall 2026
Is in good academic standing, with a minimum 3.0 cumulative GPA on a 5.0 scale",,,
April 13,Anne Ford Scholarship,"$10,000",High school,https://www.ncld.org/scholarships-awards/,,"Graduating high school senior who will enroll in a full-time bachelor’s degree program in the fall. 
Students must have a documented learning disability (LD). 
Students with Attention Deficit Hyperactivity Disorder (ADHD) who also have a learning disability, are encouraged to apply.",,,
April 13,Allegra Ford Thomas Scholarship,"$5,000",High school,https://www.ncld.org/scholarships-awards/,,"Graduating high school senior who will enroll in a two-year community college, a vocational or technical training program, or a specialized program for students with disabilities in the fall. Students must have a documented learning disability (LD). 
Students who have Attention Deficit Hyperactivity Disorder (ADHD) and a LD, are encouraged to apply.",,,
April 14,Gold Award Girl Scouts,"$5,000",High school,https://www.girlscouts.org/en/members/for-girl-scouts/badges-journeys-awards/highest-awards/gold-award/gold-award-scholarship.html,March 13,"Current high school seniors who earned or will earn anytime before April 1, 2026 or recent high school graduates who earned in their senior year after March 31, 2025",,,
April 15,Williams-Franklin Foundation Scholarship,"$5,000",Undergraduate,https://wmsfranklinfoundation.org/scholarships/,March 1,"Currently enrolled at an accredited HBCU for undergraduate studies and classified as an undergraduate student for the 2026-2027 school year.
Completed at least 24 academic credit hours by the end of the spring semester
Obtained a cumulative GPA of 2.7 or above
Be a U.S. resident at the time of application submission
Demonstrate financial need",,,
April 15,Tzu Chi USA Scholars Program,"$1,500",High school,https://tzuchi.us/scholarships,Octobter 31,"Applicant demonstrates financial need for college tuition and related expenses.
Applicant is a U.S. high school graduating senior or equivalent.
Applicant will enroll in an accredited U.S. college full-time for the academic year 2026-2027.",,,
April 15,Pretty Preset for Lightroom Scholarship,$500,High school & Undergraduate,https://www.lightroompresets.com/pages/pretty-lightroom-presets-scholarship-program,,"You should presently be a senior in high school;
Or be transitioning from high school to a college or university;
Or be already enrolled in a college or university inside the United States or Canada.",,,
April 15,Legal Opportunity Scholarship,Varies,Graduate ,https://www.americanbar.org/groups/diversity/diversity_pipeline/projects_initiatives/legal_opportunity_scholarship/,February 1,"The applicant must be an entering, first-year law student in academic year 2026.
The applicant must have demonstrated a strong commitment to advancing diversity, equity, and inclusion (DEI).
Only first-year students (part-time included) beginning law school in this academic year will be eligible for a scholarship.  Law students who have completed one or more semesters or years of law school are not eligible.
Minimum cumulative grade point average of 2.5 (on a 4.0 grading scale) at their undergraduate institution.",,,
April 15,Essential Visionaries Scholarship Fund,"$5,000-$10,000",High school & Undergraduate,https://scholarshipamerica.org/scholarship/essentialvisionaries/,,"Be high school seniors, high school graduates, GED graduates, or current college undergraduates residing in the United States (U.S.).
Plan to enroll in part-time or full-time undergraduate study at an accredited two- or four-year college or university or vocational-technical school for the entire upcoming academic year.
Be pursuing a degree or certificate* with a major in Education, Counseling, Social Work, Psychology, or Pre-Nursing/Nursing.
Applicants pursuing education, counseling, social work, or psychology must demonstrate a commitment to working within the K-12 system.
Have a minimum grade point average of 2.5 on a 4.0 scale (or its equivalent).",,,
April 15,Gloria Barron Wilderness Society Scholarship,"$25,000",Graduate ,https://www.wilderness.org/articles/article/gloria-barron-wilderness-society-scholarship-how-apply,Mid-February,"Be currently enrolled in an accredited graduate institution in the United States at the time of application
Have academic and/or career goals focused on making a significant positive difference in the long-term protection of wilderness in the United States.",,,
April 15,Charles Shelton Foundation Scholarship,"$2,000",High school & Undergraduate,https://www.thecharlessheltonfoundation.org/scholarship,,"Must have a minimum 3.0 GPA and provide an official copy of your transcript in a sealed envelope
Black African-American graduating HS senior, current college student or returning college student
Must be a legal U.S. resident
Must be a resident of one of the 50 United States or the District of Columbia
Experience in Veterinary Medicine or Technology.",,,
April 15,CJ Pony Parts Scholarship Video Contest,$500,"High school, undergraduate, graduate",https://www.cjponyparts.com/cj-pony-parts-scholarship-video-contest,,"Any U.S. resident who will be enrolling in post-secondary education in the next semester is eligible for this scholarship. 
This is open to all fields of study and is not exclusive to automotive or related degrees.",,,
April 15,Create Real Impact Contest,"$250-$1,000",High school,https://www.createrealimpact.com/,October 17,"An individual entrant must be a full-time student between the ages of 14 and 22 years who are enrolled in an accredited educational institution (secondary, middle/high school, trade school, college, or university).",,,
April 17,Rosen & Ohr Scholarship,"$1,000",Undergraduate & Graduate,https://www.rosenohrlaw.com/scholarship/,August 8,"Essays from students who have suffered injuries due to an accident or who have been impacted personally by a loved one’s accident. 
You must be a student enrolled in: Community college, An undergraduate program, and Graduate school
*Note that you must also detail your financial need for the scholarship to be eligible.",,,
April 17,Next Chapter Scholarship (Non-Traditional),"$25,000",Undergraduate & Graduate,https://calltoactionphilanthropies.org/focus-areas/scholarships/next-chapter/,March 1,"Age 25 or older.
Returning to school after 3+ years
Single parent with dependent children.
Military affiliated (active duty, veteran, spouse, or dependent)
Former foster youth.
Maintain a 3.0+ college GPA
Be a resident of Arizona, Colorado, Idaho, Iowa, Nevada, or Utah
Major in an approved degree (see website).",,,
April 20,Dragon Hearts College Scholarship Fund,"$5,000",High school,https://www.apcf.org/dragon-hearts-foundation-scholarship-open,,"Available for Female High School Seniors/1st Year College Students pursuing Business or STEM degrees.
Planning to Attend College as a Full-Time, Degree-Seeking Student in the Fall of 2026",,,
April 21,Walker Williams Wilson Memorial Scholarship,Varies,"High school, undergraduate, graduate",https://www.svgsfoundation.org/scholarship,,"High School Seniors with acceptance to an Historically Black College or University - GPA 2.7 or higher
Current full-time Students with enrollment at an Historically Black College or University - GPA 3.0 or higher",,,
April 24,McDonald's Black & Positively Golden® Scholarship,"Up to $15,000",Undergraduate,https://www.mcdonalds.com/us/en-us/black-and-positively-golden/education.html,September 15,"Be enrolled full-time as an undergraduate freshman, sophomore, junior or senior attending an HBCU during the 2026-2027 academic year
Current cumulative grade point average of 2.7 or higher
Must be able to demonstrate leadership abilities
Must be able to demonstrate a financial need
Be a U.S. citizen or legal permanent resident with a valid permanent resident card or passport stamped I-551",,,
April 27,The Husband & Wife Law Team Scholarship,"$2,000",High school & Undergraduate,https://husbandandwifelawteam.com/in-your-community/scholarships,,"You must be a high school senior on track to graduate or a college student enrolled in an accredited four-year university/college, or currently enrolled in a two-year college and planning to transfer to a four-year university/college upon completion.
You have maintained a 3.0 or higher GPA.
You are a U.S. Citizen or hold Permanent Residency status. DACA recipients are welcome to apply.",,,
April 29,Young Scholars Program,"Up to $55,000",K-12,https://www.jkcf.org/our-scholarships/,February 5,"Currently in 7th grade and/or entering 8th grade in the fall of 2026.
Since the beginning of 6th grade, earned grades of all or mostly As in school, with no Cs or below in core academic subjects (English/Language Arts, Math, Science, Social Studies/History).
Demonstrate unmet financial need. Applicants with a family adjusted gross income (AGI) up to $95,000 are eligible to apply. 
Currently attending middle school in the U.S. and planning to attend high school in the U.S.",,,
April 30,Danny Gutierrez Scholarship,Varies,Undergraduate & Graduate,https://nhcfae.org/danny-gutierrez-scholarship/,February 13,"Major field of study must be in Engineering/Technical (ONLY)
Must be a US Citizen or a permanent resident residing in the United States or Puerto Rico.
Current DACA (Deferred Action for Childhood Arrivals) recipients
Applicants must be accepted or attending an accredited college, university, or vocational/trade school at the time the scholarship is awarded.",,,
April 30,Thermo Fisher Scientific Antibody Scholarship,"$5,000-$10,000",Undergraduate & Graduate,https://www.thermofisher.com/us/en/home/life-science/antibodies/thermo-fisher-scientific-antibody-scholarship-program.html,January 4,"Legal resident of the 50 U.S. states or District of Columbia as a U.S. citizen, a U.S. permanent resident or an international student that has a valid student visa (F-1 visa) to study in the U.S. DACA recipients are not eligible;
Age 18 or older
Pursuing an Associate Degree, Bachelor’s Degree, Master’s Degree, or Doctor of Philosophy (PhD) at an accredited U.S. college or university located in the 50 U.S. states or District of Columbia with a cumulative college GPA of 3.0 or greater on a 4.0 scale. Students enrolled in certificate programs only are not eligible;
Declared major of biology, chemistry, biochemistry or a related life science field.
Students with a declared major outside of the life sciences but are pursuing a life science minor are not eligible.
 ",,,
April 30,The Ike Foundation Scholarship,"$2,000",High school,https://theikefoundation.org/forms-and-applications/scholarship-application/,November,"Be enrolled as a high school senior
Be a U.S. citizen or eligible non-citizen
Plan to enroll in a two or four-year college or university as a full time, degree-seeking student
Demonstrate volunteer commitment to support the community, preferably related to fishing or conservation
Have a minimum GPA of 3.2",,,
April 30,J&Y “Books for Good” Scholarship,$300,"High school, undergraduate, graduate",https://jnylaw.com/scholarship/,,"Students at accredited colleges, trade schools, universities, and graduate schools in the United States ",,,
April 30,Ayd Rand: Anthem Essay Contest,"$2,000",K-12,https://aynrand.org/students/essay-contests/anthem,,Open to all students in 8th through 12th grade,,,
April 30,Ayd Rand: The Fountainhead Essay Contest,"Up to $25,000",K-12,https://aynrand.org/students/essay-contests/the-fountainhead,,Open to all students in 8th through 12th grade,,,
April 30,Ayd Rand: Atlas Shrugged Essay Contest,"Up to $25,000","High school, undergraduate, graduate",https://aynrand.org/students/essay-contests/atlas-shrugged,,Open to all students in 9th grade through graduate school,,,
April 30,All Star Verified Scholarship,"$1,000","High school, undergraduate, graduate",https://www.verifiedscholarships.com/scholarship-program/,January 1,"This scholarship is open to high school, college, graduate, or adult students and parents of high school and college students.",,,
April 30,Shawn Carter Fund National Scholarship,"Up to $15,000",High school,https://shawncartersf.com/scholarship/,April 1,"All high school seniors, students with GED diplomas, undergraduate (2yr or 4yr) college students, and students at vocational or trade schools who meet the requirements below are eligible.
US Citizen or Permanent Resident
25 years old or younger
Minimum 2.0 GPA – First-time scholarship recipients generally have GPAs between 2.0 and 3.0 (students with GPAs above this range are still encouraged to apply)
Demonstrated Financial Need – On average, selected applicants have an annual household adjusted gross income (AGI) of $75,000 or less
Students pursuing their first undergraduate degree at an accredited, degree-granting institution",,,
April 30,Education Matters Scholarship,"$5,000","High school, undergraduate, graduate",https://roachlawoffice.com/education-matters-scholarship/,,"Applicants must be currently enrolled in or planning to attend an accredited community college, undergraduate, or graduate program within the United States
Applicants must have a current GPA of 3.0 or higher
Applicants must be a resident of Missouri or currently attending a college or university located in Missouri",,,
April 30,Hispanic Scholarship Consortium Scholarship,Varies,Undergraduate,https://www.hispanicscholar.org/apply,,"Be of Hispanic/Latino heritage
Plan to enroll on a full-time or part-time basis in a certificate or associate, bachelor degree program
Hold a cumulative GPA of 2.5 or higher on a 4.0 scale
Reside in Texas ",,,
April 30,The Sara Scholarship,"$2,500",High school,https://www.sarascholarship.org/how-to-apply,,"You are a high school senior or undergraduate female student.
You maintain a strong academic record (GPA 3.3+).
You have a documented connection to golf (Ex. playing golf as a hobby or as part of a team, working at a golf course, as a caddy or in a pro shop, and any other direct, active engagement with golf)",,,
April 30,Think for Yourself Scholarship,"$2,000-$8,000",High school,https://letgrow.org/program/think-for-yourself-scholarship/,,"Applicants must be at least sixteen (16) years of age or older at the time of application, be legal residents of the fifty (50) United States, District of Columbia, Puerto Rico, or Guam, and be currently a senior (12th grade) or equivalent in an accredited high school or alternative program such as a micro-school or homeschool, and must enroll no later than the fall of 2028 in a post-secondary institution of higher education (2 or 4 year college or university, trade school, online or vocational school program).",,,
April 30,RentHop's College and University Scholarship Program,"$1,000",High school & Undergraduate,https://www.renthop.com/resources/college-scholarship,,"You must be a current student in an eligible undergraduate program or a graduating high school senior, working towards a bachelor's degree or associate's degree.",,,
April 30,MoolahSPOT Scholarship,"$1,000","High school, undergraduate, graduate",http://www.moolahspot.com/scholarship/index.cfm,,"Any student at least 16 years or older who plans to attend, or is currently attending, college or graduate school. Students may be of any nationality and reside in any country. Students may study any major or plan to enter any career field at any accredited college or graduate school. Although applicants can be from any country, all applications must be completed in English.",,,
April 30,E-waste Scholarship,"$1,000","High school, undergraduate, graduate",http://www.digitalresponsibility.org/ewaste-scholarship,,"Must be a high school freshman, sophomore, junior, or senior or a current or entering college or graduate school student of any level. Home schooled students are also eligible. There is no age limit.",,,
April 30,Lift Parts Express Scholarship,$500,High school,https://forkliftpartsflorida.com/forkliftparts.php,,"Students must be between the ages of 16-21
Must be attending school in the fall
Must be a resident of the United States and Canada
Students must have a 2.5 GPA or above",,,
April 30,The Andrew Flusche Scholarship Contest,$500,"High school, undergraduate, graduate",https://www.andrewflusche.com/scholarship/,,"Accepted into a U.S. college, university, graduate school, or trade school.
Enrolled in a U.S. college, university, or trade school.",,,
May 1,Black Employee Network (BEN) Scholarship,Varies,High school,https://www.optiv.com/company/black-employee-network-ben-application,,"Be a graduating high school senior
Have a minimum cumulative high school GPA of 3.5 on a 4.0 scale
Plan to enter the cybersecurity or information security industry
Identify as Black and/or African American (African, African American, Caribbean, etc.) and be a U.S. citizen, U.S. national or permanent resident",,,
May 1,The Paradigm Challenge,"Up to $100,000",K-12,https://www.projectparadigm.org/,,Students aged 4 to 18 ,,,
May 1,School Spirit Scholarship,"$1,500",High school,https://www.1stplacespiritwear.com/scholarship,,The scholarship is open to all high school seniors in the United States who plan to attend a university or community college,,,
May 1,Rover Scholarship,"$2,500","High school, undergraduate, graduate",https://www.rover.com/college-scholarship/,,"You need to be a resident of the United States.
You must be a graduating high school senior or currently a freshman, sophomore, or junior in college in pursuit of an associates degree, bachelor’s degree, or master’s degree.
If you're a graduating high school senior, your GPA must be 3.0 or above.
If you're in college, your GPA must be 3.0 or above. If you’re in graduate school, you must either have a 3.0 GPA or above or a “Pass” in a Pass/Fail grading system",,,
May 1,Stephen Phillips Memorial Scholarship,"$6,000-$10,000",Undergraduate,https://phillips-scholarship.org/apply/new-applicants/,January 1,"An entering or returning student at an accredited undergraduate institution in the United States and must be enrolled full-time (at least 12 hours).
Pursuing a bachelor’s degree (BA, BS, BFA, BSN for example) for the first time. Students in one-year or two-year certificate or associate’s degree programs do not qualify. Students in five-plus year programs ending in a master’s degree or beyond may apply for the first four (undergraduate) years of their programs.
A United States citizen OR noncitizen who EITHER a) has a current lawful presence in the United States and employment authorization OR b) files (or is the dependent of a parent who files) a US income tax return.
A permanent resident of a New England state: Connecticut, Maine, Massachusetts, New Hampshire, Rhode Island or Vermont.",,,
May 1,Pureland Supply Vocational and Skilled Trade Scholarship,$250,High school,https://www.purelandsupply.com/t-scholarship.aspx,,"Designed to support students who are enrolled in accredited trade schools, vocational colleges, technical schools, or community colleges pursuing careers in trade, craft, or labor-related fields.",,,
May 1,The Ashoori Law Good Deeds Scholarship,"$1,000",Undergraduate & Graduate,https://www.ashoorilaw.com/scholarship/,,"You are enrolled or accepted in an accredited U.S. undergraduate or graduate program. 
You have a 3.0 GPA or higher.",,,
May 1,Greater Than Gatsby Annual Scholarship,"$1,000","High school, undergraduate, graduate",https://www.greaterthangatsby.com/academic-photography-scholarship/,,"You must be a recently accepted high-school student, undergraduate or graduate student from an accredited college/university in the United States. 
You must be majoring in any type of art, communications, english, film, fine arts, journalism, multimedia, photography and visual arts. 
You must be able to provide proof of your identity if you are chosen as the winner. 
Qualified ID is a student id or driver’s license.",,,
,,,,,,,,,
,,,,,,,,,
,,,,,,,,,
,,,,,,,,,
,,,,,,,,,
,,,,,,,,,
,,,,,,,,,
,,,,,,,,,
,,,,,,,,,
,,,,,,,,,
,,,,,,,,,
,,,,,,,,,
,,,,,,,,,
,,,,,,,,,
May 2,Got a Spine Scholarship,$500,"High school, undergraduate, graduate",https://arcticchiropracticfairbanks.com/chiropractor_fairbanks.php#google_vignette,,"Be attending college or university no later than October of 2026 on a full-time basis
Have achieved a GPA of 2.5 or greater during their last academic year.
Be a U.S. or Canadian resident.
Be attending a school in the U.S. or Canada by October of 2026.",,,
May 4,NCAA Postgraduate Scholarship program,"$10,000",Undergraduate,https://www.ncaa.org/sports/2013/11/21/ncaa-postgraduate-scholarship-program.aspx,March 9,"Must be in final season of NCAA athletics eligibility or must have completed athletic eligibility,
Must be in final year of undergraduate academic work or received an undergraduate degree.
Have an overall undergraduate minimum cumulative grade-point average of 3.200 (based on a 4.000 scale)
Must enroll in a graduate degree granting program on a part- or full-time basis at an academically accredited graduate or degree-granting professional school.
The scholarship cannot be used to fund any undergraduate work.",,,
May 31,J&Y “Books for Good” Scholarship,$300,"High school, undergraduate, graduate",https://jnylaw.com/scholarship/,,"Students at accredited colleges, trade schools, universities, and graduate schools in the United States ",,,
June 1,Dermer Appel Ruder Scholarship,"$1,000",Undergraduate & Graduate,https://darlawllc.com/scholarship/,,"Student pursuing an undergraduate degree in pre-law studies, or a student entering law school with 3.0+ GPA",,,
June 30,J&Y “Books for Good” Scholarship,$300,"High school, undergraduate, graduate",https://jnylaw.com/scholarship/,,"Students at accredited colleges, trade schools, universities, and graduate schools in the United States ",,,
July 1,JMJ Phillip Group College Scholarship,"$1,000",High school & Undergraduate,https://jmjphillip.com/jmj-phillip-stem-scholarship/,,"High school students who have been accepted to college and students who are currently enrolled in a college or university are eligible to apply for the JMJ Phillip Group college scholarship program. 
Students must be currently enrolled in a U.S.-based high school or college. Students graduating from high school must plan to attend college during the fall semester in the same year as the application.
Eligible colleges include two-year and four-year universities in the United States.
Students who apply must have a minimum GPA of 3.6. Current (unofficial) transcripts must be sent with the application.
",,,
July 31,J&Y “Books for Good” Scholarship,$300,"High school, undergraduate, graduate",https://jnylaw.com/scholarship/,,"Students at accredited colleges, trade schools, universities, and graduate schools in the United States ",,,
August 5,Working Student Scholarship,"$1,000",High school & Undergraduate,https://www.mallonsnyderlaw.com/scholarship,,"You are partially or fully paying for your own college education
You are enrolled or planning to enroll in an undergraduate program within the United States for the Fall 2026 semester
You are at least 17 years of age
You are a resident or permanent citizen of the United States",,,
August 10,The Blossom Law Caregiver Scholarship,"$1,000",Undergraduate & Graduate,https://www.blossomlaw.com/scholarship,,,FALSE,FALSE,FALSE
August 31,J&Y “Books for Good” Scholarship,$300,"High school, undergraduate, graduate",https://jnylaw.com/scholarship/,,"Students at accredited colleges, trade schools, universities, and graduate schools in the United States ",,,
August 31,Driver Education Initiative Award – Annual Scholarship Opportunity,$500,"High school, undergraduate, graduate",https://www.dmvedu.org/scholarship/,May 1,"Applicants must be currently enrolled in either High School, University or College.",,,
August 31,All Star Verified Scholarship,"$1,000","High school, undergraduate, graduate",https://www.verifiedscholarships.com/scholarship-program/,January 1,"This scholarship is open to high school, college, graduate, or adult students and parents of high school and college students.",,,
September 30,The Bank Family Education Fund Scholarship,"$2,000","High school, undergraduate, graduate",https://fishndans.com/banks-family-fund/,,"The scholarship is open to legal residents of the United States who are at least 18 years of age, offered to both part-time and full-time students with a minimum cumulative GPA of 3.0 or above

",,,
September 30,J&Y “Books for Good” Scholarship,$300,"High school, undergraduate, graduate",https://jnylaw.com/scholarship/,,"Students at accredited colleges, trade schools, universities, and graduate schools in the United States ",,,
October 1,JMJ Phillip Group College Scholarship,"$1,000",High school & Undergraduate,https://jmjphillip.com/jmj-phillip-stem-scholarship/,,"High school students who have been accepted to college and students who are currently enrolled in a college or university are eligible to apply for the JMJ Phillip Group college scholarship program. 
Students must be currently enrolled in a U.S.-based high school or college. Students graduating from high school must plan to attend college during the fall semester in the same year as the application.
Eligible colleges include two-year and four-year universities in the United States.
Students who apply must have a minimum GPA of 3.6. Current (unofficial) transcripts must be sent with the application.
",,,
October 15,CJ Pony Parts Scholarship Video Contest,$500,"High school, undergraduate, graduate",https://www.cjponyparts.com/cj-pony-parts-scholarship-video-contest,,"Any U.S. resident who will be enrolling in post-secondary education in the next semester is eligible for this scholarship. 
This is open to all fields of study and is not exclusive to automotive or related degrees.",,,
October 31,J&Y “Books for Good” Scholarship,$300,"High school, undergraduate, graduate",https://jnylaw.com/scholarship/,,"Students at accredited colleges, trade schools, universities, and graduate schools in the United States ",,,
October 31,Voice of Democracy Scholarship,"Up to $35,000",High school,https://www.vfw.org/PatriotsPen/,,"The Voice of Democracy is open to students in grades 9-12. 
Although U.S. citizenship is not required, students must be lawful U.S. permanent residents or have applied for permanent residence.",,,
October 31,Patriot's Pen Scholarship ,"$500; Up tp $5,000",K-12,https://www.vfw.org/PatriotsPen/,,"Patriot’s Pen is open to 6th, 7th and 8th-grade students. 
Although U.S. citizenship is not required, students must be lawful U.S. permanent residents or have applied for permanent residence.",,,
November 15,Live Your Dream Award,"Up to $16,000",High school & Undergraduate,https://www.soroptimist.org/our-work/live-your-dream-awards/apply-for-the-live-your-dream-awards.html,August 1,"You are eligible to apply if you are a woman who:
Provides the primary financial support for yourself and your dependents. Dependents can include children, spouse, partner, siblings and/or parents.
Has financial need.
Is enrolled in or has been accepted to a vocational/skills training, high school equivalency, or an undergraduate degree program.
Resides in one of Soroptimist International of the Americas’ member countries/territories (Argentina, Bolivia, Brazil, Canada, Colombia, Ecuador, Guam, Japan, Korea, Mexico, Northern Mariana Islands, Panama, Paraguay, Peru, Philippines, Taiwan, United States of America, Venezuela).",,,
November 30,J&Y “Books for Good” Scholarship,$300,"High school, undergraduate, graduate",https://jnylaw.com/scholarship/,,"Students at accredited colleges, trade schools, universities, and graduate schools in the United States ",,,
November 30,Driver Education Initiative Award – Annual Scholarship Opportunity,$500,"High school, undergraduate, graduate",https://www.dmvedu.org/scholarship/,September 1,"Applicants must be currently enrolled in either High School, University or College.",,,
December 31,All Star Verified Scholarship,"$1,000","High school, undergraduate, graduate",https://www.verifiedscholarships.com/scholarship-program/,January 1,"This scholarship is open to high school, college, graduate, or adult students and parents of high school and college students.",,,
December 31,J&Y “Books for Good” Scholarship,$300,"High school, undergraduate, graduate",https://jnylaw.com/scholarship/,,"Students at accredited colleges, trade schools, universities, and graduate schools in the United States ",,,